Feature,Logistic Regression,SVM (RBF Kernel),Random Forest
RMSSD,0.38725009812335,0.18460690551193984,0.20656175275185967
HRV_HR_Ratio,0.1506198003115862,0.1437099568237646,0.05766967569776802
Resp_Variability,0.22440921073582829,-0.00838192065155624,0.0033054223342885805
Mean_RR,0.21292853698803427,0.002858041578154084,-0.026598504759730652
Autonomic_Index,0.11734137647944931,-0.0032037906615965837,-0.016708055931581756
Mean_HR,0.11322974306978383,-0.002708080194015509,-0.02069729896141923
Resp_Regularity,0.0028940768894132884,-0.0033969550530732065,0.02873913550924525
Resp_Rate,0.003611339304025633,0.008559263443229681,-0.0038414907965819514
SDNN,-0.006555073241309617,-0.012726938504013048,-0.00023101745330684765
