Feature,Importance,Std
RMSSD,0.38725009812335,0.059420588732296435
Resp_Variability,0.22440921073582829,0.05415145918307439
Mean_RR,0.21292853698803427,0.048289663398862225
HRV_HR_Ratio,0.1506198003115862,0.0384256225911902
Autonomic_Index,0.11734137647944931,0.036018720217862704
Mean_HR,0.11322974306978383,0.034791068052419244
Resp_Rate,0.003611339304025633,0.011875120214179498
Resp_Regularity,0.0028940768894132884,0.017031564148939696
SDNN,-0.006555073241309617,0.02425523905314046
