Feature,Importance,Std
RMSSD,0.1834102294427232,0.030757088996201578
Resp_Regularity,0.14122369791629968,0.026373705668808953
Resp_Variability,0.1361637053766539,0.01803369602427144
HRV_HR_Ratio,0.12571887217102978,0.019720697783158575
SDNN,0.12104412587167224,0.015515229471330294
Mean_HR,0.07592532274082245,0.006223861126157291
Mean_RR,0.07560677192439527,0.007521791325876779
Autonomic_Index,0.0719021194746898,0.0034541253305782936
Resp_Rate,0.06900515508171372,0.006230770703729628
